Acceptance (receivers),MIX01,PLA01,HAR01,MET01,PAP01,TIM01,DMR01,CEIL01,HAZ01,GLA01,MUN01,CON01,BRI01,FURN01,FLO01,INS01,GARD01,TIL01,NON01,NHM01,OTH
Charity,0,0,0,0,1,1,0,1,0,0,0,0,0,1,1,0,0,0,0,0,1
Community,0,0,0,0,1,1,0,1,0,0,0,0,0,1,1,0,0,0,0,0,1
Education,0,0,0,0,1,1,0,1,0,0,0,0,0,1,1,0,0,0,0,0,1
Landfill,1,1,1,0,1,1,1,1,1,0,1,1,1,0,1,1,1,0,0,1,0
Recycling facility,1,1,1,1,1,1,1,1,0,1,1,1,1,1,0,0,1,1,1,0,1
Other,0,0,0,0,1,1,1,1,0,0,1,0,0,1,1,1,0,0,0,0,1
Manufacturer,0,0,0,1,1,1,0,0,0,0,0,0,0,0,1,0,0,0,0,0,0
Reprocessor,0,1,1,1,1,0,0,0,0,1,0,1,1,1,0,0,0,1,1,0,1
Social enterprise,0,0,0,1,1,1,0,1,0,0,0,0,0,1,0,0,1,1,1,0,1
